mol,label
Fc1ccc(cc1C#CCCCF)[C@]1(N=C(N)N(C)C1=O)c1ccc(OC(F)F)cc1,1.0
FCC#Cc1cc(ccc1)[C@]1(N=C(N)N(C)C1=O)c1ccc(OC(F)F)cc1,1.0
FCCC#Cc1cc(ccc1)[C@]1(N=C(N)N(C)C1=O)c1ccc(OC(F)F)cc1,1.0
FC(F)Oc1ccc(cc1)[C@@]1(N=C(N)N(C)C1=O)c1cc(ccc1)C#CCCO,1.0
FC(F)Oc1ccc(cc1)[C@@]1(N=C(N)N(C)C1=O)c1cc(ccc1)C#CCCCCO,1.0
Fc1ccc(cc1OCCCF)[C@]1(N=C(N)N(C)C1=O)c1ccc(OC(F)F)cc1,1.0
FC(F)CCOc1cc(ccc1)[C@]1(N=C(N)N(C)C1=O)c1ccc(OC(F)F)cc1,1.0
Fc1ccc(cc1C#CCOC)[C@]1(N=C(N)N(C)C1=O)c1ccc(OC(F)F)cc1,1.0
Fc1ccc(cc1C#CCOC)[C@]1(N=C(N)N(C)C1=O)c1cc(C)c(OC(F)F)cc1,1.0
FC(F)Oc1ccc(cc1)[C@@]1(N=C(N)N(C)C1=O)c1cc(ccc1)\C=C\COC,1.0
FC(F)Oc1ccc(cc1)[C@@]1(N=C(N)N(C)C1=O)c1cc(ccc1)\C=C\CCOC,1.0
FC(F)Oc1ccc(cc1)[C@@]1(N=C(N)N(C)C1=O)c1cc(ccc1)C#CC,1.0
FC(F)Oc1ccc(cc1)[C@@]1(N=C(N)N(C)C1=O)c1cc(ccc1)C#CC(C)C,1.0
FC(F)Oc1ccc(cc1)[C@@]1(N=C(N)N(C)C1=O)c1cc(ccc1)C#CCOC,1.0
FC(F)Oc1ccc(cc1)[C@@]1(N=C(N)N(C)C1=O)c1cc(ccc1)C#CCCOC,1.0
FC(F)Oc1ccc(cc1)[C@@]1(N=C(N)N(C)C1=O)c1cc(ccc1)C#C[C@H](O)C,1.0
Fc1ccc(cc1C#CCF)[C@]1(N=C(N)N(C)C1=O)c1cc(C)c(OC(F)F)cc1,1.0
FC(F)Oc1ccc(cc1)[C@@]1(N=C(N)N(C)C1=O)c1cc(ccc1)CCCC,1.0
FC(F)C\C=C\c1cc(ccc1)[C@]1(N=C(N)N(C)C1=O)c1ccc(OC(F)F)cc1,1.0
FC(F)Oc1ccc(cc1)[C@@]1(N=C(N)N(C)C1=O)c1cc(ccc1)C#CCCC,1.0
FC(F)COc1cc(ccc1)[C@]1(N=C(N)N(C)C1=O)c1ccc(OC(F)F)cc1,1.0
Fc1ccc(cc1OCC\C=C(\F)/F)[C@]1(N=C(N)N(C)C1=O)c1ccc(OC(F)F)cc1,1.0
FC(F)Oc1ccc(cc1)[C@@]1(N=C(N)N(C)C1=O)c1cc(OCC\C=C(\F)/F)ccc1,1.0
Fc1ccc(cc1C#CCCC)[C@]1(N=C(N)N(C)C1=O)c1cc(C)c(OC(F)F)cc1,1.0
FCC\C=C\c1cc(ccc1)[C@]1(N=C(N)N(C)C1=O)c1ccc(OC(F)F)cc1,1.0
FC(F)Oc1ccc(cc1)[C@@]1(N=C(N)N(C)C1=O)c1cc(ccc1)\C=C\CCCO,1.0
FC(F)Oc1ccc(cc1)[C@@]1(N=C(N)N(C)C1=O)c1cc(ccc1)C#CCC,1.0
FCCCCC#Cc1cc(ccc1)[C@]1(N=C(N)N(C)C1=O)c1ccc(OC(F)F)cc1,1.0
Fc1ccc(cc1C#CC)[C@]1(N=C(N)N(C)C1=O)c1ccc(OC(F)F)cc1,1.0
FC(F)Oc1ccc(cc1)[C@@]1(N=C(N)N(C)C1=O)c1cc(ccc1)CCCC#N,1.0
FC(F)Oc1ccc(cc1)[C@@]1(N=C(N)N(C)C1=O)c1cc(ccc1)\C=C\CCCOC,1.0
FC(F)Oc1ccc(cc1)[C@@]1(N=C(N)N(C)C1=O)c1cc(ccc1)\C=C\CCO,1.0
FC(F)(F)CCCc1cc(ccc1)[C@]1(N=C(N)N(C)C1=O)c1ccc(OC(F)F)cc1,1.0
Fc1ccc(cc1OCC(F)F)[C@]1(N=C(N)N(C)C1=O)c1ccc(OC(F)F)cc1,1.0
Fc1ccc(cc1OCC(F)F)[C@]1(N=C(N)N(C)C1=O)c1cc(C)c(OC(F)F)cc1,1.0
FCCCC(=O)c1cc(ccc1)[C@]1(N=C(N)N(C)C1=O)c1ccc(OC(F)F)cc1,1.0
FCCC[C@@H](F)c1cc(ccc1)[C@]1(N=C(N)N(C)C1=O)c1ccc(OC(F)F)cc1,1.0
FC(F)Oc1ccc(cc1C)[C@@]1(N=C(N)N(C)C1=O)c1ccccc1,1.0
FC(F)Oc1ccc(cc1)[C@@]1(N=C(N)N(C)C1=O)c1cc(ccc1)CCC,1.0
FC(F)Oc1ccc(cc1)[C@@]1(N=C(N)N(C)C1=O)c1cc(ccc1)CCCCC,1.0
Fc1ccc(cc1OCCCCF)[C@]1(N=C(N)N(C)C1=O)c1ccc(OC(F)F)cc1,1.0
FC(F)Oc1ccc(cc1)[C@@]1(N=C(N)N(C)C1=O)c1cc(ccc1)C[C@@H](CC)C,0.0
Fc1ccc(cc1OCCF)[C@]1(N=C(N)N(C)C1=O)c1ccc(OC(F)F)cc1,0.0
FC(F)Oc1ccc(cc1)[C@@]1(N=C(N)N(C)C1=O)c1ccccc1,0.0
FC(F)(F)CCOc1cc(ccc1)[C@]1(N=C(N)N(C)C1=O)c1ccc(OC(F)F)cc1,0.0
FC(F)Oc1cc(ccc1)[C@]1(N=C(N)N(C)C1=O)c1ccc(OC(F)F)cc1,0.0
FC(F)Oc1ccc(cc1)[C@@]1(N=C(N)N(C)C1=O)c1cc(ccc1)C#C,0.0
FC(F)Oc1ccc(cc1)[C@@]1(N=C(N)N(C)C1=O)c1cc(ccc1)CC,0.0
FCCOc1ccc(cc1)[C@@]1(N=C(N)N(C)C1=O)c1ccccc1,0.0
FC(F)(F)Oc1ccc(cc1)[C@@]1(N=C(N)N(C)C1=O)c1ccccc1,0.0
Clc1ccc(cc1)C1(N=C(N)N(C)C1=O)c1ccccc1,0.0
Clc1cc(ccc1)C1(N=C(N)N(C)C1=O)c1ccccc1,0.0
O(C)c1ccc(cc1)C1(N=C(N)N(C)C1=O)c1ccccc1,0.0
O=C1N(C)C(=NC1(c1ccccc1)c1ccccc1)N,0.0
O(C)c1cc(ccc1)C1(N=C(N)N(C)C1=O)c1ccccc1,0.0
S1(=O)(=O)C[C@@H](Cc2cc(O[C@H](COCC)C(F)(F)F)c(N)c(F)c2)[C@H](O)[C@@H]([NH2+]Cc2cc(ccc2)C(C)(C)C)C1,1.0
S1(=O)(=O)C[C@@H](Cc2cc(C[C@H](O)C(F)(F)F)c(N)c(F)c2)[C@H](O)[C@@H]([NH2+]Cc2cc(ccc2)C(C)(C)C)C1,1.0
Brc1cc(cc(F)c1N)C[C@@H]1CS(=O)(=O)C[C@H]([NH2+]Cc2cc(ccc2)C(F)(F)C)[C@H]1O,0.0
S1(=O)(=O)CC(Cc2cc(OC(C(F)(F)F)C(F)(F)F)c(N)c(F)c2)C(O)C([NH2+]Cc2cc(ccc2)C(C)(C)C)C1,1.0
S1(=O)(=O)CC(Cc2cc(O[C@H](COC)C(F)(F)F)c(N)c(F)c2)C(O)C([NH2+]Cc2cc(ccc2)C(C)(C)C)C1,1.0
S1(=O)(=O)CC(Cc2cc(OC(C(F)(F)F)C(F)(F)F)c(N)c(F)c2)C(O)C([NH2+]Cc2cc(ccc2)C(O)(C)C)C1,1.0
S1(=O)(=O)CC(Cc2cc(OC(C(F)(F)F)C(F)(F)F)c(N)c(F)c2)C(O)C([NH2+]Cc2cc(ccc2)C(CO)(C)C)C1,1.0
S1(=O)(=O)CC(Cc2cc(O[C@@H](C(F)(F)F)C)c(N)c(F)c2)C(O)C([NH2+]Cc2cc(ccc2)C(C)(C)C)C1,1.0
S1(=O)(=O)CC(Cc2cc(O[C@H](COCCOC)C(F)(F)F)c(N)c(F)c2)C(O)C([NH2+]Cc2cc(ccc2)C(C)(C)C)C1,1.0
S1(=O)(=O)CC(Cc2cc(OCC(F)F)c(N)c(F)c2)C(O)C([NH2+]Cc2cc(ccc2)C(C)(C)C)C1,1.0
S1(=O)(=O)CC(Cc2cc(OCC(F)(F)F)c(N)c(F)c2)C(O)C([NH2+]Cc2cc(ccc2)C(C)(C)C)C1,1.0
S1(=O)(=O)CC(Cc2cc(CC)c(NC(=O)C)c(F)c2)C(O)C([NH2+]Cc2cc(ccc2)C(C)(C)C)C1,1.0
S1(=O)(=O)CC(Cc2cc(OCC)c(N)c(F)c2)C(O)C([NH2+]Cc2cc(ccc2)C(C)(C)C)C1,1.0
S1(=O)(=O)CC(Cc2cc(O[C@@H](COCC)C(F)(F)F)c(N)c(F)c2)C(O)C([NH2+]Cc2cc(ccc2)C(C)(C)C)C1,1.0
S1(=O)(=O)CC(Cc2cc(OCC(F)(F)F)c(N)cc2)C(O)C([NH2+]Cc2cc(ccc2)C(C)(C)C)C1,1.0
S1(=O)(=O)CC(Cc2cc(OCCF)c(N)c(F)c2)C(O)C([NH2+]Cc2cc(ccc2)C(C)(C)C)C1,1.0
S1(=O)(=O)CC(Cc2cc(OC(C)C)c(N)c(F)c2)C(O)C([NH2+]Cc2cc(ccc2)C(C)(C)C)C1,1.0
S1(=O)(=O)CC(Cc2cc(OC(C(F)(F)F)C(F)(F)F)c(N)c(F)c2)C(O)C([NH2+]Cc2cc(OC(F)(F)F)ccc2)C1,1.0
S1(=O)(=O)CC(Cc2cc(OCCC)c(N)cc2)C(O)C([NH2+]Cc2cc(ccc2)C(C)(C)C)C1,1.0
S1(=O)(=O)CC(Cc2cc(CC)c(NC(=O)C[NH+](C)C)c(F)c2)C(O)C([NH2+]Cc2cc(ccc2)C(C)(C)C)C1,1.0
Brc1cc(ccc1O)CC1CS(=O)(=O)CC([NH2+]Cc2cc(ccc2)C(C)(C)C)C1O,1.0
Brc1cc(cc(F)c1N)CC1CS(=O)(=O)CC([NH2+]Cc2cc(ccc2)C(C)(C)C)C1O,1.0
S1(=O)(=O)CC(Cc2cc(OCCC)c(N)c(F)c2)C(O)C([NH2+]Cc2cc(ccc2)C(C)(C)C)C1,1.0
Brc1cc(ccc1OC(=O)NC)CC1CS(=O)(=O)CC([NH2+]Cc2cc(ccc2)C(C)C)C1O,1.0
S1(=O)(=O)CC(Cc2cc(F)c(NC(=O)C[NH+](C)C)cc2)C(O)C([NH2+]Cc2cc(ccc2)C(C)(C)C)C1,1.0
S1(=O)(=O)CC(Cc2cc(OCCC(F)(F)F)c(N)c(F)c2)C(O)C([NH2+]Cc2cc(ccc2)C(C)(C)C)C1,1.0
S1(=O)(=O)CC(Cc2cc(CC(OC)C(F)(F)F)c(N)c(F)c2)C(O)C([NH2+]Cc2cc(ccc2)C(C)(C)C)C1,1.0
S1(=O)(=O)CC(Cc2cc(OCCOC)c(N)c(F)c2)C(O)C([NH2+]Cc2cc(ccc2)C(C)(C)C)C1,1.0
S1(=O)(=O)CC(Cc2cc(O)c(N)c(F)c2)C(O)C([NH2+]Cc2cc(ccc2)C(C)(C)C)C1,0.0
S1(=O)(=O)CC(Cc2cc(OC(F)(F)F)c(N)cc2)C(O)C([NH2+]Cc2cc(ccc2)C(C)(C)C)C1,0.0
S1(=O)(=O)CC(Cc2cc(CCC)c(N)c(F)c2)C(O)C([NH2+]Cc2cc(ccc2)C(C)(C)C)C1,0.0
S1(=O)(=O)CC(Cc2cc(CCC(F)(F)F)c(N)c(F)c2)C(O)C([NH2+]Cc2cc(ccc2)C(C)(C)C)C1,0.0
Brc1cc(ccc1N)CC1CS(=O)(=O)CC([NH2+]Cc2cc(ccc2)C(C)(C)C)C1O,0.0
S1(=O)(=O)CC(Cc2cc(CCCC)c(O)cc2)C(O)C([NH2+]Cc2cc(ccc2)C(C)C)C1,0.0
S1(=O)(=O)CC(Cc2cc(CCC)c(O)cc2)C(O)C([NH2+]Cc2cc(ccc2)C(C)C)C1,0.0
Brc1cc(ccc1O)CC1CS(=O)(=O)CC([NH2+]Cc2cc(ccc2)C(C)C)C1O,0.0
S1(=O)(=O)CC(Cc2cc(F)c(N)cc2)C(O)C([NH2+]Cc2cc(ccc2)C(C)(C)C)C1,0.0
S1(=O)(=O)CC(Cc2cc(CC)c(O)cc2)C(O)C([NH2+]Cc2cc(ccc2)C(C)C)C1,0.0
Brc1cc(ccc1)CC1CS(=O)(=O)CC([NH2+]Cc2cc(ccc2)C(C)(C)C)C1O,0.0
S1(=O)(=O)CC(Cc2cc(OCCC)ccc2)C(O)C([NH2+]Cc2cc(ccc2)C(C)(C)C)C1,0.0
Brc1cc(ccc1)CC1CS(=O)(=O)CC([NH2+]Cc2cc(ccc2)C(C)C)C1O,0.0
S1(=O)(=O)CC(Cc2cc(CC)c(N)c(F)c2)C(O)C([NH2+]Cc2cc(ccc2)C(C)(C)C)C1,0.0
S1(=O)(=O)CC(Cc2cc(CCO)c(O)cc2)C(O)C([NH2+]Cc2cc(ccc2)C(C)C)C1,0.0
S1(=O)(=O)CC(Cc2ccccc2)C(O)C([NH2+]Cc2cc(ccc2)C(C)C)C1,0.0
S1(=O)(=O)CC(Cc2cc(ccc2)COCCC)C(O)C([NH2+]Cc2cc(ccc2)C(C)C)C1,0.0
S1(=O)(=O)CC(Cc2cc(CO)c(O)cc2)C(O)C([NH2+]Cc2cc(ccc2)C(C)C)C1,0.0
Brc1cc(ccc1O)CC1CS(=O)(=O)CC([NH2+]Cc2cc(OC(C)C)ccc2)C1O,0.0
S1(=O)(=O)CC(Cc2ccccc2)C(O)C([NH2+]Cc2cc(ccc2)C(C)(C)C)C1,0.0
S1(=O)(=O)CC(Cc2ccc(O)cc2)C(O)C([NH2+]Cc2cc(ccc2)C(C)C)C1,0.0
S1(=O)(=O)CC(Cc2cc(OCCC)ccc2)C(O)C([NH2+]Cc2cc(ccc2)C(C)C)C1,0.0
Brc1cc(ccc1OC)CC1CS(=O)(=O)CC([NH2+]Cc2cc(ccc2)C(C)C)C1O,0.0
Brc1cc(ccc1O)CC1CS(=O)(=O)CC([NH2+]Cc2cc(Cl)cc(Cl)c2)C1O,0.0
Brc1cc(ccc1O)CC1CS(=O)(=O)CC([NH2+]Cc2ccccc2)C1O,0.0
Fc1cc(cc(F)c1)C[C@H](NC(=O)C)[C@H](O)C[NH2+]C1(CCCCC1)c1cc(ccc1)C(C)(C)C,1.0
Fc1cc(cc(F)c1)CC(NC(=O)C)C(O)C[NH2+]C1(CCC(NO)CC1)c1cc(ccc1)C(C)(C)C,1.0
Fc1cc(cc(F)c1)CC(NC(=O)C)C(O)C[NH2+]C1(CCC(O)CC1)c1cc(ccc1)C(C)(C)C,1.0
S(C)C1CCC([NH2+]CC(O)C(NC(=O)C)Cc2cc(F)cc(F)c2)(CC1)c1cc(ccc1)C(C)(C)C,1.0
Fc1cc(cc(F)c1)CC(NC(=O)C)C(O)C[NH2+]C1(CCC(CC1)C(F)(F)F)c1cc(ccc1)C(C)(C)C,1.0
Fc1cc(cc(F)c1)CC(NC(=O)C)C(O)C[NH2+]C1(CCC(CC1)CO)c1cc(ccc1)C(C)(C)C,1.0
Fc1cc(cc(c1)C(C)(C)C)C1([NH2+]CC(O)C(NC(=O)C)Cc2cc(F)cc(F)c2)CCCCC1,1.0
Fc1cc(cc(F)c1)CC(NC(=O)C)C(O)C[NH2+]C1(CCCCC1)c1cc(ccc1)C(C)C,1.0
Fc1cc(cc(F)c1)CC(NC(=O)C)C(O)C[NH2+]C1(CCC(CC1)C)c1cc(ccc1)C(C)(C)C,1.0
Fc1cc(cc(F)c1)CC(NC(=O)C)C(O)C[NH2+]C1(CCCCC1)c1cc(cc(OC)c1)C(C)(C)C,1.0
S(=O)(=O)(Nc1cc(cc(c1)C(C)(C)C)C1([NH2+]CC(O)C(NC(=O)C)Cc2cc(F)cc(F)c2)CCCCC1)C,1.0
Fc1cc(cc(F)c1)CC(NC(=O)C)C(O)C[NH2+]C1(CCC(NOC)CC1)c1cc(ccc1)C(C)(C)C,1.0
Fc1cc(cc(F)c1)CC(NC(=O)C)C(O)C[NH2+]C1(CCCCC1)c1cc(ccc1)C(C)=C,1.0
Fc1cc(cc(F)c1)CC(NC(=O)C)C(O)C[NH2+]C1(CCCCC1)c1cc(ccc1)C(CC)(C)C,0.0
Fc1cc(cc(F)c1)CC(NC(=O)C)C(O)C[NH2+]C1(CCC(OC)CC1)c1cc(ccc1)C(C)(C)C,0.0
Fc1cc(cc(F)c1)CC(NC(=O)C)C(O)C[NH2+]C1(CCCCC1)c1cc(cc(c1)C(=O)C)C(C)(C)C,0.0
Fc1cc(cc(F)c1)CC(NC(=O)C)C(O)C[NH2+]C1(CCCCC1)c1cc(ccc1)C(C#N)(C)C,0.0
Fc1cc(cc(F)c1)CC(NC(=O)C)C(O)C[NH2+]C1(CCCCC1)c1cc(cc(O)c1)C(C)(C)C,0.0
Brc1cc(cc(c1)C(C)(C)C)C1([NH2+]CC(O)C(NC(=O)C)Cc2cc(F)cc(F)c2)CCCCC1,0.0
Fc1cc(cc(F)c1)CC(NC(=O)C)C(O)C[NH2+]C1(CCCCC1)c1cc(cc(c1)C)C(C)(C)C,0.0
S(=O)(=O)(C)C1CCC([NH2+]CC(O)C(NC(=O)C)Cc2cc(F)cc(F)c2)(CC1)c1cc(ccc1)C(C)(C)C,0.0
Fc1cc(cc(F)c1)CC(NC(=O)C)C(O)C[NH2+]C1(CCC(NC=O)CC1)c1cc(ccc1)C(C)(C)C,0.0
Ic1cc(cc(c1)C(C)(C)C)C1([NH2+]CC(O)C(NC(=O)C)Cc2cc(F)cc(F)c2)CCCCC1,0.0
Fc1cc(cc(F)c1)CC(NC(=O)C)C(O)C[NH2+]C1(CCC(NC(OC)=O)CC1)c1cc(ccc1)C(C)(C)C,0.0
Fc1cc(cc(F)c1)CC(NC(=O)C)C(O)C[NH2+]C1(CCC(N(O)C(=O)C)CC1)c1cc(ccc1)C(C)(C)C,0.0
Fc1cc(cc(F)c1)CC(NC(=O)C)C(O)C[NH2+]C1(CCCCC1)c1cc(ccc1)C(CO)(C)C,0.0
Fc1cc(cc(F)c1)CC(NC(=O)C)C(O)C[NH2+]C1(CCCCC1)c1cc(cc(N)c1)C(C)(C)C,0.0
Fc1cc(cc(F)c1)CC(NC(=O)C)C(O)C[NH2+]C1(CCC(NC(=O)C)CC1)c1cc(ccc1)C(C)(C)C,0.0
Fc1cc(cc(F)c1)CC(NC(=O)C)C(O)C[NH2+]C1(CCC(CC1)C#N)c1cc(ccc1)C(C)(C)C,0.0
Fc1cc(cc(F)c1)CC(NC(=O)C)C(O)C[NH2+]C1(CCCCC1)c1cc(ccc1)/C(=C/C)/C,0.0
S(=O)(=O)(NC1CCC([NH2+]CC(O)C(NC(=O)C)Cc2cc(F)cc(F)c2)(CC1)c1cc(ccc1)C(C)(C)C)C,0.0
Fc1cc(cc(F)c1)CC(NC(=O)C)C(O)C[NH2+]C1(CCCCC1)c1cc(N(C)C)ccc1,0.0
Ic1cc(ccc1)C1([NH2+]CC(O)C(NC(=O)C)Cc2cc(F)cc(F)c2)CCCCC1,0.0
Fc1cc(cc(F)c1)CC(NC(=O)C)C(O)C[NH2+]C1(CCCCC1)c1cc(ccc1)CC,0.0
S(=O)(=O)(C)c1cc(ccc1)C1([NH2+]CC(O)C(NC(=O)C)Cc2cc(F)cc(F)c2)CCCCC1,0.0
Fc1cc(cc(F)c1)CC(NC(=O)C)C(O)C[NH2+]C1(CCCCC1)c1cc(ccc1)CC(C)C,0.0
Fc1cc(cc(F)c1)CC(NC(=O)C)C(O)C[NH2+]C1(CCCCC1)c1cc(ccc1)CC(C)(C)C,0.0
Fc1cc(cc(F)c1)CC(NC(=O)C)C(O)C[NH2+]C1(CCCCC1)c1cc(ccc1)C#N,0.0
Brc1ccc(cc1C(C)(C)C)C1([NH2+]CC(O)C(NC(=O)C)Cc2cc(F)cc(F)c2)CCCCC1,0.0
Fc1cc(cc(F)c1)CC(NC(=O)C)C(O)C[NH2+]C1(CCC(CC1)CCO)c1cc(ccc1)C(C)(C)C,0.0
Fc1cc(cc(F)c1)CC(NC(=O)C)C(O)C[NH2+]C1(CCCCC1)c1ccccc1,0.0
Fc1ccc(cc1)C[C@H](NC(=O)C)[C@H](O)C[NH2+][C@H]1CC2(Oc3ncc(cc13)CC(C)(C)C)CCC2,1.0
Fc1cc(ccc1C)CC(NC(=O)C)C(O)C[NH2+]C1CC2(Oc3ncc(cc13)CC(C)(C)C)CCC2,1.0
Fc1cc(ccc1)CC(NC(=O)C)C(O)C[NH2+]C1CC2(Oc3ncc(cc13)CC(C)(C)C)CCC2,1.0
Fc1cc(cc(c1)C#C)CC(NC(=O)COC)C(O)C[NH2+]C1CC2(Oc3ncc(cc13)CC(C)(C)C)CCC2,1.0
Fc1cc(ccc1F)CC(NC(=O)C)C(O)C[NH2+]C1CC2(Oc3ncc(cc13)CC(C)(C)C)CCC2,1.0
Fc1ccc(cc1OC(F)(F)F)CC(NC(=O)C)C(O)C[NH2+]C1CC2(Oc3ncc(cc13)CC(C)(C)C)CCC2,1.0
FC(F)(F)c1cc(ccc1)CC(NC(=O)C)C(O)C[NH2+]C1CC2(Oc3ncc(cc13)CC(C)(C)C)CCC2,1.0
Fc1ccc(cc1C#N)CC(NC(=O)C)C(O)C[NH2+]C1CC2(Oc3ncc(cc13)CC(C)(C)C)CCC2,1.0
Fc1ccc(cc1CC(NC(=O)COC)C(O)C[NH2+]C1CC2(Oc3ncc(cc13)CC(C)(C)C)CCC2)C#C,1.0
O1c2ncc(cc2C([NH2+]CC(O)C(NC(=O)COC)Cc2cc(ccc2)C#C)CC12CCC2)CC(C)(C)C,1.0
Fc1ccccc1CC(NC(=O)C)C(O)C[NH2+]C1CC2(Oc3ncc(cc13)CC(C)(C)C)CCC2,1.0
Fc1cc(ccc1OC)CC(NC(=O)C)C(O)C[NH2+]C1CC2(Oc3ncc(cc13)CC(C)(C)C)CCC2,1.0
Fc1ccc(cc1C#C)CC(NC(=O)COC)C(O)C[NH2+]C1CC2(Oc3ncc(cc13)CC(C)(C)C)CCC2,1.0
Fc1ccc(cc1C)CC(NC(=O)C)C(O)C[NH2+]C1CC2(Oc3ncc(cc13)CC(C)(C)C)CCC2,1.0
Fc1ccc(cc1OC)CC(NC(=O)C)C(O)C[NH2+]C1CC2(Oc3ncc(cc13)CC(C)(C)C)CCC2,1.0
O1c2ncc(cc2C([NH2+]CC(O)C(NC(=O)C)Cc2ccccc2)CC12CCC2)CC(C)C,1.0
O1c2ncc(cc2C([NH2+]CC(O)C(NC(=O)C)Cc2ccccc2)CC12CCC2)CC(C)(C)C,1.0
Fc1cc(F)ccc1CC(NC(=O)C)C(O)C[NH2+]C1CC2(Oc3ncc(cc13)CC(C)(C)C)CCC2,1.0
Fc1cc(cc(F)c1)CC(NC(=O)C)C(O)C[NH2+]C1CC2(Oc3ncc(cc13)CC(C)(C)C)CCC2,1.0
Clc1ccc(cc1)CC(NC(=O)C)C(O)C[NH2+]C1CC2(Oc3ncc(cc13)CC(C)(C)C)CCC2,1.0
Fc1ccc(cc1C(F)(F)F)CC(NC(=O)C)C(O)C[NH2+]C1CC2(Oc3ncc(cc13)CC(C)(C)C)CCC2,1.0
Fc1c(cccc1C#C)CC(NC(=O)COC)C(O)C[NH2+]C1CC2(Oc3ncc(cc13)CC(C)(C)C)CCC2,1.0
FC(F)(F)Oc1ccc(cc1)CC(NC(=O)C)C(O)C[NH2+]C1CC2(Oc3ncc(cc13)CC(C)(C)C)CCC2,1.0
O1c2ncc(cc2C([NH2+]CC(O)C(NC(=O)COC)Cc2cc(ccc2)C#CC)CC12CCC2)CC(C)(C)C,1.0
O1c2ncc(cc2C([NH2+]CC(O)C(NC(=O)C)Cc2cc(OC)c(OC)cc2)CC12CCC2)CC(C)(C)C,1.0
FC(F)Oc1cc(ccc1OC(F)F)CC(NC(=O)C)C(O)C[NH2+]C1CC2(Oc3ncc(cc13)CC(C)(C)C)CCC2,1.0
Fc1cc(ccc1C(F)(F)F)CC(NC(=O)C)C(O)C[NH2+]C1CC2(Oc3ncc(cc13)CC(C)(C)C)CCC2,1.0
O1c2ncc(cc2C([NH2+]CC(O)C(NC(=O)COC)Cc2ccc(cc2)C#C)CC12CCC2)CC(C)(C)C,1.0
O1c2ncc(cc2C([NH2+]CC(O)C(NC(=O)C)Cc2ccccc2)CC12CCC2)CC,1.0
Clc1cc2c(OC3(CC2[NH2+]CC(O)C(NC(=O)C)Cc2ccccc2)CCC3)nc1,0.0
O1c2ncccc2C([NH2+]CC(O)C(NC(=O)C)Cc2ccccc2)CC12CCC2,0.0
Fc1ccc(NC(=O)c2ncc(cc2)C#N)cc1[C@]1(N=C(O[C@@H](C1)C(F)(F)F)N)C,1.0
Fc1ccc(NC(=O)c2ncc(cc2)C#N)cc1[C@]1(N=C(O[C@H](C(F)(F)F)[C@@H]1F)N)C,1.0
Fc1ccc(NC(=O)c2ncc(cc2)C#N)cc1[C@]1(N=C(O[C@@H](C1)C(F)(F)F)N)CF,1.0
Fc1ccc(NC(=O)c2ncc(cc2)C#N)cc1[C@]1(N=C(OCC1(F)F)N)C,1.0
Fc1ccc(NC(=O)c2ncc(cc2)C#N)cc1[C@]1(N=C(OC[C@@H]1F)N)C,1.0
Fc1ccc(NC(=O)c2ncc(cc2)C#N)cc1[C@]1(N=C(O[C@@H](C(F)(F)F)[C@@H]1F)N)C,1.0
Fc1ccc(NC(=O)c2ncc(cc2)C#N)cc1[C@]1(N=C(OCC1(F)F)N)CF,1.0
Fc1ccc(NC(=O)c2ncc(cc2)C#N)cc1[C@]1(N=C(OCC1)N)C,1.0
Fc1ccc(NC(=O)c2ncc(cc2)C#N)cc1[C@]1(N=C(OCC1)N)C(F)F,1.0
Fc1ccc(NC(=O)c2ncc(cc2)C#N)cc1[C@]1(N=C(OC[C@@H]1F)N)CF,1.0
Fc1ccc(NC(=O)c2ncc(OCC)cc2)cc1[C@]1(N=C(OCC1(F)F)N)C,0.0
Fc1ccc(NC(=O)c2ncc(cc2)C#N)cc1[C@]1(N=C(OC[C@H]1F)N)C,0.0
Fc1ccc(NC(=O)c2ncc(cc2)C#N)cc1[C@]1(N=C(O[C@H](C1)C(F)(F)F)N)C,0.0
Clc1cc(C)c(nc1)C(=O)Nc1cc(C2(N=C(OCC2(F)F)N)C)c(F)cc1,1.0
Clc1ccc(nc1)C(=O)Nc1cc(C2(N=C(OCC2(F)F)N)C)c(F)cc1,1.0
Clc1cc(Cl)cnc1C(=O)Nc1cc(C2(N=C(OCC2(F)F)N)C)c(F)cc1,1.0
FC1(F)COC(=NC1(C)c1cc(NC(=O)c2ncc(cc2)C#C)ccc1F)N,1.0
Clc1cc(Cl)cnc1C(=O)Nc1cc(C2(N=C(OCC2)N)C)c(F)cc1,1.0
FC1(F)COC(=NC1(C)c1cc(NC(=O)c2ncc(OC(F)(F)C(F)F)cc2)ccc1F)N,1.0
FC1(F)COC(=NC1(C)c1cc(NC(=O)c2ncc(OC)cc2)ccc1F)N,1.0
FC1(F)COC(=NC1(C)c1cc(NC(=O)c2ncc(OC(F)(F)F)cc2)ccc1F)N,1.0
FC1(F)COC(=NC1(C)c1cc(NC(=O)c2ncc(F)cc2)ccc1F)N,1.0
FC1(F)COC(=NC1(C)c1cc(NC(=O)c2ncc(cc2)C)ccc1F)N,1.0
FC1(F)COC(=NC1(C)c1cc(NC(=O)c2ncc(OCC(F)(F)F)cc2)ccc1F)N,0.0
Clc1ccc(nc1)C(=O)Nc1cc(C2(N=C(OCC2)N)C)c(F)cc1,0.0
FC1(F)COC(=NC1(C)c1cc(NC(=O)c2ncccc2)ccc1F)N,0.0
Fc1cc(cc(F)c1)C[C@H](NC(=O)c1cc(cc(c1)C)C(=O)N(CCC)CCC)[C@H](O)C[NH2+]Cc1cc(OC)ccc1,1.0
Ic1cc(ccc1)C[NH2+]C[C@@H](O)[C@@H](NC(=O)c1cc(cc(c1)C)C(=O)N(CCC)CCC)Cc1cc(F)cc(F)c1,1.0
Fc1cc(cc(F)c1)C[C@H](NC(=O)c1cc(cc(c1)C(=O)N)C(=O)N(CCC)CCC)[C@H](O)C[NH2+]Cc1cc(OC)ccc1,1.0
O(C)c1cc(ccc1)C[NH2+]C[C@@H](O)[C@@H](NC(=O)c1cc(ccc1)C(=O)N(CCC)CCC)Cc1ccccc1,0.0
Fc1cc(cc(F)c1)C[C@H](NC(=O)c1cc(cc(c1)C)C(=O)N(CCC)CCC)[C@@H](O)C[NH2+]Cc1cc(OC)ccc1,0.0
Fc1cc(cc(F)c1)CC(NC(=O)c1cc(cc(c1)/C(=N\OC)/C)C(=O)N(CCC)CCC)C(O)C[NH2+]Cc1cc(OC)ccc1,1.0
Fc1cc(cc(F)c1)CC(NC(=O)c1cc(cc(c1)C(=O)N(CCC)CCC)C(O)C)C(O)C[NH2+]Cc1cc(OC)ccc1,1.0
Fc1cc(cc(F)c1)CC(NC(=O)c1cc(cc(c1)/C(=N\O)/C)C(=O)N(CCC)CCC)C(O)C[NH2+]Cc1cc(OC)ccc1,1.0
Fc1cc(cc(F)c1)CC(NC(=O)c1cc(cc(c1)C(=O)N(CCC)CCC)C(=O)C)C(O)C[NH2+]Cc1cc(OC)ccc1,1.0
Fc1cc(cc(F)c1)CC(NC(=O)c1cc(cc(c1)/C(=N\OCC=C)/C)C(=O)N(CCC)CCC)C(O)C[NH2+]Cc1cc(OC)ccc1,1.0
Fc1cc(cc(F)c1)CC(NC(=O)c1cc(cc(c1)C(=O)N(CCC)CCC)CCO)C(O)C[NH2+]Cc1cc(OC)ccc1,1.0
Fc1cc(cc(F)c1)CC(NC(=O)c1cc(cc(c1)C(=O)N(CCC)CCC)CC(O)C)C(O)C[NH2+]Cc1cc(OC)ccc1,1.0
Fc1cc(cc(F)c1)CC(NC(=O)c1cc(cc(c1)C)C(=O)N(CCC)CCC)[C@@H](O)C[NH2+]Cc1cc(OC)ccc1,1.0
Fc1cc(cc(F)c1)CC(NC(=O)c1cc(cc(c1)C(=O)N(CCC)CCC)C(NC(=O)C)C)C(O)C[NH2+]Cc1cc(OC)ccc1,1.0
Fc1cc(cc(F)c1)CC(NC(=O)c1cc(ccc1)C(=O)N(CCC)CCC)C(O)C[NH2+]Cc1cc(OC)ccc1,1.0
S(=O)(=O)(N(C)c1cc(cc(c1)C(=O)N[C@H]([C@@H](O)C[NH2+]Cc1cc(OC)ccc1)Cc1cc(F)cc(F)c1)C(O)C)C,1.0
Fc1cc(cc(F)c1)CC(NC(=O)c1cc(cc(c1)/C(=N\OCC(C)C)/C)C(=O)N(CCC)CCC)C(O)C[NH2+]Cc1cc(OC)ccc1,1.0
S(=O)(=O)(N(C)c1cc(cc(c1)/C(=N\OCCC)/C)C(=O)NC([C@@H](O)C[NH2+]Cc1cc(OC)ccc1)Cc1cc(F)cc(F)c1)C,1.0
S(=O)(=O)(N(C)c1cc(cc(c1)/C(=N/OC)/C)C(=O)NC([C@@H](O)C[NH2+]Cc1cc(OC)ccc1)Cc1cc(F)cc(F)c1)C,1.0
S(=O)(=O)(N(C)c1cc(ccc1)C(=O)N[C@H]([C@@H](O)C[NH2+]Cc1cc(OC)ccc1)Cc1cc(F)cc(F)c1)C,1.0
S(=O)(=O)(N(C)c1cc(cc(c1)/C(=N\O)/C)C(=O)N[C@H]([C@@H](O)C[NH2+]Cc1cc(OC)ccc1)Cc1cc(F)cc(F)c1)C,1.0
Fc1cc(cc(F)c1)CC(NC(=O)c1cc(cc(c1)C(=O)N(CCC)CCC)C([NH3+])C)C(O)C[NH2+]Cc1cc(OC)ccc1,0.0
S(=O)(=O)(N(C)c1cc(cc(c1)C(=O)N[C@H]([C@@H](O)C[NH2+]Cc1cc(OC)ccc1)Cc1cc(F)cc(F)c1)C(=O)C)C,0.0
S(=O)(=O)(N(C)c1cc(cc(c1)/C(=N\OCC=C)/C)C(=O)N[C@H]([C@@H](O)C[NH2+]Cc1cc(OC)ccc1)Cc1cc(F)cc(F)c1)C,0.0
S(=O)(=O)(N(C)c1cc(cc(c1)/C(=N\OCC(C)C)/C)C(=O)N[C@H]([C@@H](O)C[NH2+]Cc1cc(OC)ccc1)Cc1cc(F)cc(F)c1)C,0.0
Fc1cc(cc(F)c1)CC(NC(=O)c1cc(cc(c1)C(=O)N(CCC)CCC)CC(OC)COC)C(O)C[NH2+]Cc1cc(OC)ccc1,0.0
O(C)c1ccc(cc1C)[C@@]1(N=C(N)N(C)C1=O)c1cc(ccc1)-c1cccnc1,1.0
Fc1ccc(cc1-c1cccnc1F)[C@@]1(N=C(N)N(C)C1=O)c1cc(C)c(OC)cc1,1.0
Fc1ncccc1-c1cc(ccc1)[C@]1(N=C(N)N(C)C1=O)c1ccc(OC(F)F)cc1,1.0
Fc1ncccc1-c1cc(ccc1)C1(N=C(N)N(C)C1=O)c1cc(C)c(OC)cc1,1.0
Fc1ncccc1-c1cc(ccc1)[C@]1(N=C(N)N(C)C1=O)c1ccc(OC)cc1,1.0
Fc1ncccc1-c1cc(ccc1)[C@]1(N=C(N)N(C)C1=O)c1ccc(OCCF)cc1,1.0
Clc1cc(ccc1OC)C1(N=C(N)N(C)C1=O)c1cc(ccc1)-c1cccnc1,1.0
FC(F)(F)c1cc(ccc1OC)C1(N=C(N)N(C)C1=O)c1cc(ccc1)-c1cccnc1,1.0
O(CC)c1cc(ccc1OC)C1(N=C(N)N(C)C1=O)c1cc(ccc1)-c1cccnc1,1.0
O(CCC)c1cc(ccc1OC)C1(N=C(N)N(C)C1=O)c1cc(ccc1)-c1cccnc1,1.0
O(CCCC)c1cc(ccc1OC)C1(N=C(N)N(C)C1=O)c1cc(ccc1)-c1cccnc1,1.0
Fc1cc(ccc1OC)C1(N=C(N)N(C)C1=O)c1cc(ccc1)-c1cccnc1,1.0
O(C(C)C)c1cc(ccc1OC)C1(N=C(N)N(C)C1=O)c1cc(ccc1)-c1cccnc1,1.0
Fc1ncccc1-c1cc(ccc1)C1(N=C(N)N(C)C1=O)c1ccc(OC(F)(F)F)cc1,1.0
Fc1ncccc1-c1cc(ccc1)[C@]1(N=C(N)N(C)C1=O)c1ccc(OC(F)(F)F)cc1,1.0
O(C)c1cc(ccc1OC)C1(N=C(N)N(C)C1=O)c1cc(ccc1)-c1cccnc1,1.0
O(C)c1ccc(cc1C)C1(N=C(N)N(C)C1=O)c1cc(-c2cccnc2)c(cc1)C,0.0
O(C)c1ccc(cc1C#N)C1(N=C(N)N(C)C1=O)c1cc(ccc1)-c1cccnc1,0.0
FC(F)(F)Oc1ccc(cc1)C1(N=C(N)N(C)C1=O)c1cc(ccc1)-c1cccnc1OC,0.0
Fc1ccc(cc1-c1cccnc1F)C1(N=C(N)N(C)C1=O)c1cc(C)c(OC)cc1,0.0
O(C)c1ccc(cc1C)C1(N=C(N)N(C)C1=O)c1cc(-c2cccnc2)c(cc1)C#N,0.0
FC(F)(F)Oc1ccc(cc1)C1(N=C(N)N(C)C1=O)c1cc(ccc1)-c1ccc(OC)nc1,0.0
Clc1cc(ccc1)-c1cc2c(OC(C[C@@]23N=C(N)N(C)C3=O)(C)C)cc1,1.0
O1c2c(cc(cc2)-c2cc(ccc2)C#N)[C@]2(N=C(N)N(C)C2=O)CC1(C)C,1.0
Clc1cc(cc(Cl)c1)-c1cc2c(OC(CC23N=C(N)N(C)C3=O)(C)C)cc1,1.0
FC(F)Oc1cc(ccc1)-c1cc2c(OC(CC23N=C(N)N(C)C3=O)(C)C)cc1,1.0
Clc1cc(-c2cc3c(OC(CC34N=C(N)N(C)C4=O)(C)C)cc2)c(F)cc1,1.0
Clc1cc(cc(F)c1)-c1cc2c(OC(CC23N=C(N)N(C)C3=O)(C)C)cc1,1.0
Fc1ccc(OC)cc1-c1cc2c(OC(CC23N=C(N)N(C)C3=O)(C)C)cc1,1.0
Fc1cc(cc(OC)c1)-c1cc2c(OC(CC23N=C(N)N(C)C3=O)(C)C)cc1,1.0
O1c2c(cc(cc2)-c2cc(OC)ccc2)C2(N=C(N)N(C)C2=O)CC1(C)C,1.0
O1c2c(cc(cc2)-c2cc(OCC)ccc2)C2(N=C(N)N(C)C2=O)CC1(C)C,1.0
FC(F)(F)c1cc(ccc1)-c1cc2c(OC(CC23N=C(N)N(C)C3=O)(C)C)cc1,1.0
Fc1cc(ccc1)-c1cc2c(OC(CC23N=C(N)N(C)C3=O)(C)C)cc1,1.0
Clc1cc(ccc1)-c1cc2c(OC(CC23N=C(N)N(CC)C3=O)(C)C)cc1,0.0
S(C)c1cc(ccc1)-c1cc2c(OC(CC23N=C(N)N(C)C3=O)(C)C)cc1,0.0
O1c2c(cc(cc2)-c2ccccc2)C2(N=C(N)N(C)C2=O)CC1(C)C,0.0
Clc1cc(ccc1)-c1cc2c(OC(CC23N=C(N)N(CC(F)(F)F)C3=O)(C)C)cc1,0.0
O1c2c(cc(cc2)-c2ccccc2OC)C2(N=C(N)N(C)C2=O)CC1(C)C,0.0
O1c2c(cc(cc2)-c2cc(OC(C)C)ccc2)C2(N=C(N)N(C)C2=O)CC1(C)C,0.0
O1c2c(cc(cc2)-c2ccc(OC)cc2)C2(N=C(N)N(C)C2=O)CC1(C)C,0.0
O=C1N(C)C(=NC(=C1)[C@H]1C[C@H]1c1ccc(cc1)-c1cc(ccc1)C)N,0.0
S(CC)c1cc(ccc1)-c1ccc(cc1)C1CC1C=1N=C(N)N(C)C(=O)C=1,0.0
O(CC)c1cc(ccc1)-c1ccc(cc1)C1CC1C=1N=C(N)N(C)C(=O)C=1,0.0
O=C1N(C)C(=NC(=C1)C1CC1c1ccc(cc1)-c1cc(ccc1)CCC)N,0.0
O(CCC)c1cc(ccc1)-c1ccc(cc1)C1CC1C=1N=C(N)N(C)C(=O)C=1,0.0
O(C)c1cc(ccc1)-c1ccc(cc1)C1CC1C=1N=C(N)N(C)C(=O)C=1,0.0
S(C)c1cc(ccc1)-c1ccc(cc1)C1CC1C=1N=C(N)N(C)C(=O)C=1,0.0
O=C1N(C)C(=NC(=C1)C1CC1c1ccc(cc1)-c1cc(ccc1)CC#N)N,0.0
O=C1N(C)C(=NC(=C1)C1CC1c1ccc(cc1)-c1cc(ccc1)CC)N,0.0
O=C1N(C)C(=NC(=C1)C1CC1c1ccc(cc1)-c1cc(ccc1)COC)N,0.0
O=C1N(C)C(=NC(=C1)C1CC1c1ccc(cc1)-c1cc(ccc1)CCO)N,0.0
O=C1N(C)C(=NC(=C1)C1CC1c1ccc(cc1)-c1ccccc1)N,0.0
O=C1N(C)C(=NC(=C1)C1CC1c1ccc(cc1)-c1ccccc1C)N,0.0
O(C(C)C)c1cc(ccc1)-c1ccc(cc1)C1CC1C=1N=C(N)N(C)C(=O)C=1,0.0
O=C1N(C)C(=NC(=C1)C1CC1c1ccc(cc1)-c1cc(ccc1)C(=O)N)N,0.0
O=C1N(C)C(=NC(=C1)C1CC1c1ccc(cc1)-c1cc(NC(=O)C)ccc1)N,0.0
O=C1N(C)C(=NC(=C1)C1CC1c1ccc(cc1)-c1ccc(cc1)C)N,0.0
Fc1cc(cc(F)c1)C[C@H](NC(=O)c1c2cc(ccc2n(c1)C(=O)N(CCCC)C)C#N)[C@H](O)C[NH2+]Cc1cc(OC)ccc1,1.0
O(C)c1cc(ccc1)C[NH2+]C[C@@H](O)[C@@H](NC(=O)c1c2c(n(c1)C(=O)N(CCCC)CCCC)cccc2)Cc1ccccc1,1.0
Fc1cc(cc(F)c1)CC(NC(=O)c1c2c(n(c1)C(=O)N(CCCC)C)cccc2)C(O)C[NH2+]Cc1cc(OC)ccc1,1.0
Fc1cc(cc(F)c1)CC(NC(=O)c1c2cc(F)ccc2n(c1)C(=O)N(CCCC)C)C(O)C[NH2+]Cc1cc(OC)ccc1,1.0
Clc1cc2c(n(cc2C(=O)NC(Cc2cc(F)cc(F)c2)C(O)C[NH2+]Cc2cc(OC)ccc2)C(=O)N(CCCC)C)cc1,1.0
Fc1cc(cc(F)c1)CC(NC(=O)c1c2c(n(c1)C(=O)N(CCCC)CCCC)cccc2)C(O)C[NH2+]Cc1cc(OC)ccc1,1.0
Fc1cc(cc(F)c1)CC(NC(=O)c1c2c(n(c1)C(=O)N(CCCC)C)cc(F)cc2)C(O)C[NH2+]Cc1cc(OC)ccc1,1.0
Fc1cc(cc(F)c1)CC(NC(=O)c1c2cc(ccc2n(c1)C(=O)N(CCCC)C)C(=O)[O-])C(O)C[NH2+]Cc1cc(OC)ccc1,1.0
Fc1cc(cc(F)c1)CC(NC(=O)c1c2c(n(c1)C(=O)N(CCCC)C)cc(cc2)C#N)C(O)C[NH2+]Cc1cc(OC)ccc1,0.0
Fc1cc(cc(F)c1)CC(NC(=O)c1c2cc(ccc2n(c1)C(=O)N(CCCC)C)C(F)(F)F)C(O)C[NH2+]Cc1cc(OC)ccc1,0.0
Fc1cc(cc(F)c1)CC(NC(=O)c1c2c(n(c1)C(=O)NCCCC)cccc2)C(O)C[NH2+]Cc1cc(OC)ccc1,0.0
O(C)c1cc(ccc1)C[NH2+]CC(O)C(NC(=O)c1c2c(n(c1)C(=O)N(CCC)CCC)cccc2)Cc1ccccc1,0.0
Fc1cc(cc(F)c1)CC(NC(=O)c1c2c(n(c1)C(OCCCC)=O)cccc2)C(O)C[NH2+]Cc1cc(OC)ccc1,0.0
O(C)c1cc(ccc1)C[NH2+]CC(O)C(NC(=O)c1c2c(n(c1)C(=O)N(CC)CC)cccc2)Cc1ccccc1,0.0
S(=O)(=O)(n1cc(c2c1cccc2)C(=O)NC(Cc1ccccc1)C(O)C[NH2+]Cc1cc(OC)ccc1)CCCC,0.0
O(C)c1cc(ccc1)C[NH2+]CC(O)C(NC(=O)c1c2c(n(c1)CCCC)cccc2)Cc1ccccc1,0.0
Clc1cc(-c2cc3c(Oc4c(cc(OC)cc4)[C@@]34N=C(OC4)N)cc2)c(F)cc1,0.0
Clc1cc(ccc1)-c1cc2c(Oc3c(cc(OC)cc3)C23N=C(OC3)N)cc1,0.0
Fc1ccc(OC)cc1-c1cc2c(Oc3c(cc(OC)cc3)C23N=C(OC3)N)cc1,0.0
Fc1c(cccc1OC)-c1cc2c(Oc3c(cc(OC)cc3)C23N=C(OC3)N)cc1,0.0
Clc1cccc(-c2cc3c(Oc4c(cc(OC)cc4)C34N=C(OC4)N)cc2)c1F,0.0
O1CC2(N=C1N)c1cc(ccc1Oc1c2cc(OC)cc1)-c1ccccc1,0.0
Clc1cc(F)c(cc1)-c1cc2c(Oc3c(cc(OC)cc3)C23N=C(OC3)N)cc1,0.0
O1CC2(N=C1N)c1cc(ccc1Oc1c2cc(OC)cc1)-c1cc(ccc1)C,0.0
O1CC2(N=C1N)c1cc(ccc1Oc1c2cc(OC)cc1)-c1ccc(cc1)C,0.0
Clc1ccc(cc1)-c1cc2c(Oc3c(cc(OC)cc3)C23N=C(OC3)N)cc1,0.0
FC(F)(F)Oc1cc(ccc1)-c1cc2c(Oc3c(cc(OC)cc3)C23N=C(OC3)N)cc1,0.0
Clc1cc(-c2cc3c(Oc4c(cc(OC)cc4)C34N=C(OC4)N)cc2)c(F)cc1C,0.0
Clc1ccccc1-c1cc2c(Oc3c(cc(OC)cc3)C23N=C(OC3)N)cc1,0.0
FC(F)(F)Oc1ccc(cc1)-c1cc2c(Oc3c(cc(OC)cc3)C23N=C(OC3)N)cc1,0.0
O1CC2(N=C1N)c1cc(ccc1Oc1c2cc(OC)cc1)-c1ccccc1C,0.0
S(=O)(=O)(N(c1cc(cc(OCC)c1)C(=O)NC(Cc1ccccc1)C(O)C[NH2+]Cc1cc(ccc1)C(F)(F)F)c1ccccc1)C,1.0
S(=O)(=O)(N(c1cc(cc(c1)C(=O)NC(Cc1ccccc1)C(O)C[NH2+]Cc1cc(ccc1)C(F)(F)F)C(C)C)c1ccccc1)C,1.0
S(=O)(=O)(N(c1cc(cc(c1)/C(=N\OCCC)/C)C(=O)NC([C@@H](O)C[NH2+]Cc1cc(OC)ccc1)Cc1cc(F)cc(F)c1)c1ccccc1)C,1.0
S(=O)(=O)(N(c1cc(cc(c1)/C(=N\O)/C)C(=O)N[C@H]([C@@H](O)C[NH2+]Cc1cc(OC)ccc1)Cc1cc(F)cc(F)c1)c1ccccc1)C,1.0
S(=O)(=O)(N(c1cc(cc(c1)/C(=N/OC)/C)C(=O)NC([C@@H](O)C[NH2+]Cc1cc(OC)ccc1)Cc1cc(F)cc(F)c1)c1ccccc1)C,1.0
S(=O)(=O)(N(c1cc(ccc1)C(=O)N[C@H]([C@@H](O)C[NH2+]Cc1cc(OC)ccc1)Cc1cc(F)cc(F)c1)c1ccccc1)C,1.0
S(=O)(=O)(CC)c1cc(cc(N(S(=O)(=O)C)c2ccccc2)c1)C(=O)NC(Cc1ccccc1)C(O)C[NH2+]Cc1cc(ccc1)C(F)(F)F,1.0
S(=O)(=O)(N(c1cc(cc(c1)C(=O)N[C@H]([C@@H](O)C[NH2+]Cc1cc(OC)ccc1)Cc1cc(F)cc(F)c1)C(=O)C)c1ccccc1)C,1.0
S(=O)(=O)(N(c1cc(ccc1)C(=O)NC(Cc1ccccc1)C(O)C[NH2+]Cc1cc(ccc1)C(F)(F)F)c1ccccc1)C,1.0
S(=O)(=O)(N(c1cccc(C(=O)NC(Cc2ccccc2)C(O)C[NH2+]Cc2cc(ccc2)C(F)(F)F)c1C)c1ccccc1)C,1.0
S(=O)(=O)(N(c1cc(cc(c1)/C(=N\OCC=C)/C)C(=O)N[C@H]([C@@H](O)C[NH2+]Cc1cc(OC)ccc1)Cc1cc(F)cc(F)c1)c1ccccc1)C,1.0
S(=O)(=O)(N(c1cc(cc(c1)/C(=N/OCC(C)C)/C)C(=O)N[C@H]([C@@H](O)C[NH2+]Cc1cc(OC)ccc1)Cc1cc(F)cc(F)c1)c1ccccc1)C,0.0
S(=O)(=O)(N(c1cc(ccc1C)C(=O)NC(Cc1ccccc1)C(O)C[NH2+]Cc1cc(ccc1)C(F)(F)F)c1ccccc1)C,0.0
S(=O)(=O)(N(c1cc(C(=O)NC(Cc2ccccc2)C(O)C[NH2+]Cc2cc(ccc2)C(F)(F)F)c(cc1)C)c1ccccc1)C,0.0
Clc1ccccc1-c1n(Cc2nc(N)ccc2)c(cc1)-c1ccc(OCCCC#N)cc1,0.0
Clc1ccccc1-c1n(Cc2nc(N)c(OCCO)cc2)c(cc1)-c1ccc(OCCCCC)cc1,0.0
Clc1ccccc1-c1n(Cc2nc(N)c(NCCO)cc2)c(cc1)-c1ccc(OCCCCC)cc1,0.0
Clc1ccccc1-c1n(Cc2nc(N)c(NCCCO)cc2)c(cc1)-c1ccc(OCCCCC)cc1,0.0
Clc1ccccc1-c1n(Cc2nc(N)ccc2)c(cc1)-c1ccc(OCCCCC)cc1,0.0
O=C(NCC=C)c1ccc(cc1)-c1n(Cc2nc(N)ccc2)c(cc1)-c1ccccc1,0.0
Clc1ccccc1-c1n(Cc2nc(N)ccc2)c(cc1)-c1ccc(OCCC)cc1,0.0
Clc1ccccc1-c1n(Cc2nc(N)ccc2)c(cc1)-c1ccc(OCCCC)cc1,0.0
O=C(NC(C)C)c1ccc(cc1)-c1n(Cc2nc(N)ccc2)c(cc1)-c1ccccc1,0.0
O=C(NCC)c1ccc(cc1)-c1n(Cc2nc(N)ccc2)c(cc1)-c1ccccc1,0.0
Clc1ccccc1-c1n(Cc2nc(N)ccc2)c(cc1)-c1ccc(OC)cc1,0.0
O=C(NCCC)c1ccc(cc1)-c1n(Cc2nc(N)ccc2)c(cc1)-c1ccccc1,0.0
O=C(NCCCC)c1ccc(cc1)-c1n(Cc2nc(N)ccc2)c(cc1)-c1ccccc1,0.0
n1c(cccc1N)Cn1c(ccc1-c1ccccc1)-c1ccccc1,0.0
S1(=O)(=O)N([C@]2(C[C@@H]([N@H+](CC2)Cc2cc(OC(C)C)c(O)cc2)C)CN1C)c1cc(F)ccc1,1.0
S1(=O)(=O)N([C@]2(C[C@@H]([N@H+](CC2)Cc2cc(OC(C)C)ccc2)C)CN1C)c1cc(F)ccc1,0.0
S1(=O)(=O)N(C2(CC([NH+](CC2)Cc2ccc(O)cc2)C)CN1C)c1cc(F)ccc1,0.0
S1(=O)(=O)N(C2(CC([NH+](CC2)Cc2cc(OCC)c(O)cc2)C)CN1C)c1cc(F)ccc1,0.0
S1(=O)(=O)NCC2(N1c1cc(F)ccc1)CC([NH+](CC2)Cc1cc(OC(C)C)ccc1)C,0.0
Clc1cc(ccc1O)C[NH+]1CCC2(N(S(=O)(=O)N(C2)C)c2cc(F)ccc2)CC1C,0.0
S1(=O)(=O)N(C2(CC([NH+](CC2)Cc2cc(OC(C)C)ccc2)C)CN1CC)c1cc(F)ccc1,0.0
S1(=O)(=O)N(C2(CC([NH+](CC2)Cc2cc(OC(C)C)ccc2)C)CN1C(C)C)c1cc(F)ccc1,0.0
S1(=O)(=O)N(C2(CC([NH+](CC2)Cc2ccc(NC(=O)C)cc2)C)CN1C)c1cc(F)ccc1,0.0
S1(=O)(=O)NCC2(N1c1cc(F)ccc1)CC([NH+](CC2)Cc1cc(OCC)ccc1)C,0.0
S1(=O)(=O)NCC2(N1c1cc(F)ccc1)CC([NH+](CC2)Cc1cc(OCC(C)C)ccc1)C,0.0
S1(=O)(=O)NCC2(N1c1cc(F)ccc1)CC([NH+](CC2)Cc1ccccc1)C,0.0
S1(=O)(=O)NCC2(N1c1cc(F)ccc1)CC([NH+](CC2)Cc1cc(OCCC)ccc1)C,0.0
S1(=O)(=O)NCC2(N1c1cc(F)ccc1)CC([NH+](CC2)Cc1cc(OC)ccc1)C,0.0
s1ccnc1-c1cc(ccc1)C[C@H](NC(=O)[C@H](OC)C)[C@H](O)C[NH2+][C@H]1CC2(Oc3ncc(cc13)CC(C)(C)C)CCC2,1.0
s1ccnc1-c1cc(cc(F)c1)CC(NC(=O)COC)C(O)C[NH2+]C1CC2(Oc3ncc(cc13)CC(C)(C)C)CCC2,1.0
s1ccnc1-c1cc(ccc1)CC(NC(=O)C(O)C)C(O)C[NH2+]C1CC2(Oc3ncc(cc13)CC(C)(C)C)CCC2,1.0
s1ccnc1-c1cc(ccc1)CC(NC(=O)C)C(O)C[NH2+]C1CC2(Oc3ncc(cc13)CC(C)(C)C)CCC2,1.0
s1ccnc1-c1cc(ccc1)CC(NC(=O)COC)C(O)C[NH2+]C1CC2(Oc3ncc(cc13)CC(C)(C)C)CCC2,1.0
s1cc(nc1-c1cc(ccc1)CC(NC(=O)COC)C(O)C[NH2+]C1CC2(Oc3ncc(cc13)CC(C)(C)C)CCC2)C,1.0
s1ccnc1-c1cc(ccc1)CC(NC(=O)COCC)C(O)C[NH2+]C1CC2(Oc3ncc(cc13)CC(C)(C)C)CCC2,1.0
s1ccnc1-c1cc(ccc1F)CC(NC(=O)COC)C(O)C[NH2+]C1CC2(Oc3ncc(cc13)CC(C)(C)C)CCC2,1.0
s1ccnc1-c1cc(ccc1)CC(NC(=O)[C@@H](OC)C)C(O)C[NH2+]C1CC2(Oc3ncc(cc13)CC(C)(C)C)CCC2,1.0
s1ccnc1-c1cc(CC(NC(=O)COC)C(O)C[NH2+]C2CC3(Oc4ncc(cc24)CC(C)(C)C)CCC3)c(F)cc1,1.0
s1ccnc1-c1cc(ccc1)CC(NC(=O)C(OC)OC)C(O)C[NH2+]C1CC2(Oc3ncc(cc13)CC(C)(C)C)CCC2,1.0
s1ccnc1-c1cc(ccc1)CC(NC(=O)CC)C(O)C[NH2+]C1CC2(Oc3ncc(cc13)CC(C)(C)C)CCC2,1.0
s1ccnc1-c1cc(ccc1)CC(NC(=O)C(OCC)C)C(O)C[NH2+]C1CC2(Oc3ncc(cc13)CC(C)(C)C)CCC2,1.0
s1ccnc1-c1cccc(CC(NC(=O)COC)C(O)C[NH2+]C2CC3(Oc4ncc(cc24)CC(C)(C)C)CCC3)c1F,1.0
S(=O)(=O)(N(c1cc(cc(NCC)c1)C(=O)N[C@H]([C@H](O)C[NH2+][C@H](C(=O)NC1CCCCC1)C)Cc1ccccc1)c1ccccc1)C,1.0
S(=O)(=O)(N(c1cc(ccc1)C(=O)N[C@H]([C@H](O)C[NH2+][C@H](C(=O)NC1CCCCC1)C)Cc1ccccc1)c1ccccc1)C,1.0
S(=O)(=O)(N(c1cc(ccc1)C(=O)NC(Cc1ccccc1)C(O)C[NH2+]C(C(=O)NC1CCCCC1)C)c1cc(ccc1)C#N)C,1.0
Clc1ccc(N(S(=O)(=O)C)c2cc(ccc2)C(=O)NC(Cc2ccccc2)C(O)C[NH2+]C(C(=O)NC2CCCCC2)C)cc1,1.0
S(=O)(=O)(N(c1cc(ccc1)C(=O)NC(Cc1ccccc1)C(O)C[NH2+]C(C(=O)NC1CCCCC1)C)c1ccc(OC)cc1)C,1.0
Clc1cc(N(S(=O)(=O)C)c2cc(ccc2)C(=O)NC(Cc2ccccc2)C(O)C[NH2+]C(C(=O)NC2CCCCC2)C)cc(Cl)c1,1.0
S(=O)(=O)(N(c1cc(ccc1)C(=O)NC(Cc1ccccc1)C(O)C[NH2+]C(C(=O)NC1CCCCC1)C)c1cc(OC)ccc1)C,1.0
S(=O)(=O)(N(c1cc(ccc1)C(=O)NC(Cc1ccccc1)C(O)C[NH2+]C(C(=O)NC1CCCCC1)C)c1ccc(cc1)C(F)(F)F)C,1.0
S(=O)(=O)(N(c1ccccc1OC)c1cc(ccc1)C(=O)NC(Cc1ccccc1)C(O)C[NH2+]C(C(=O)NC1CCCCC1)C)C,0.0
S(=O)(=O)(N(c1cc(ccc1)C(=O)NC(Cc1ccccc1)C(O)C[NH2+]C(C(=O)NC1CCCCC1)C)c1ccc(cc1)C#N)C,0.0
S(=O)(=O)(N(c1ccccc1C#N)c1cc(ccc1)C(=O)NC(Cc1ccccc1)C(O)C[NH2+]C(C(=O)NC1CCCCC1)C)C,0.0
OC(C(NC(=O)c1cc(N(C(=O)C)c2ccccc2)ccc1)Cc1ccccc1)C[NH2+]C(C(=O)NC1CCCCC1)C,0.0
OC(C(NC(=O)c1cc(Nc2ccccc2)ccc1)Cc1ccccc1)C[NH2+]C(C(=O)NC1CCCCC1)C,0.0
S1(=O)C[C@@H](Cc2cc(OC(C(F)(F)F)C(F)(F)F)c(N)c(F)c2)[C@H](O)[C@@H]([NH2+]Cc2cc(ccc2)C(C)(C)C)C1,1.0
S1(=O)C[C@@H](Cc2cc(O[C@H](COC)C(F)(F)F)c(N)c(F)c2)[C@H](O)[C@@H]([NH2+]Cc2cc(ccc2)C(C)(C)C)C1,1.0
S1(=O)CC(Cc2cc(OC(CO)C(F)(F)F)c(N)c(F)c2)C(O)C([NH2+]Cc2cc(ccc2)C(C)(C)C)C1,1.0
S1(=O)CC(Cc2cc(OCC(F)(F)F)c(N)c(F)c2)C(O)C([NH2+]Cc2cc(ccc2)C(C)(C)C)C1,1.0
S1(=O)CC(Cc2cc(OC(COC)C(F)(F)F)c(N)c(F)c2)C(O)C([NH2+]C(C)c2cc(ccc2)C(C)(C)C)C1,1.0
S1(=O)CC(Cc2cc(OC(COC)C(F)(F)F)c(N)c(F)c2)C(O)C([NH2+]Cc2cc(ccc2F)C(C)(C)C)C1,1.0
S1(=O)CC(Cc2cc(OC(COC)C(F)(F)F)c(N)c(F)c2)C(O)C([NH2+]Cc2cc(ccc2)C(CO)(C)C)C1,1.0
S1(=O)CC(Cc2cc(OC(COC)C(F)(F)F)c(N)c(F)c2)C(O)C([NH2+]Cc2cc(ccc2)C(O)(C)C)C1,1.0
S1(=O)CC(Cc2cc(OC(COC)C(F)(F)F)c(N)c(F)c2)C(O)C([NH2+]Cc2cc(ccc2)C(C)C)C1,1.0
S1(=O)CC(Cc2cc(OC)c(N)c(F)c2)C(O)C([NH2+]Cc2cc(ccc2)C(C)(C)C)C1,1.0
S1(=O)CC(Cc2cc(OC(COC)C(F)(F)F)c(N)c(F)c2)C(O)C([NH2+]Cc2cc(OC(C)C)ccc2)C1,1.0
S1(=O)CC(Cc2cc(OC(COC)C(F)(F)F)c(N)c(F)c2)C(O)C([NH2+]Cc2cc(OC(F)(F)F)ccc2)C1,0.0
S1(=O)CC(Cc2cc(O)c(N)c(F)c2)C(O)C([NH2+]Cc2cc(ccc2)C(C)(C)C)C1,0.0
S1(=O)(=O)N(CCCC1)c1cc(cc(NCC)c1)C(=O)N[C@H]([C@H](O)C[NH2+]Cc1cc(ccc1)C(F)(F)F)Cc1ccccc1,1.0
S1(=O)(=O)N(CCCC1)c1cc(cc(NCC)c1)C(=O)N[C@H]([C@H](O)C[NH2+]C(C)(C)c1cc(ccc1)C(F)(F)F)Cc1ccccc1,1.0
S1(=O)(=O)N(CCCC1)c1cc(cc(NCC)c1OC)C(=O)NC(Cc1ccccc1)C(O)C[NH2+]Cc1cc(ccc1)C(F)(F)F,1.0
S1(=O)(=O)N(CCCC1)c1cc(cc(NCC)c1C)C(=O)NC(Cc1ccccc1)C(O)C[NH2+]Cc1cc(ccc1)C(F)(F)F,1.0
S1(=O)(=O)N(CCCC1)c1cc(cc(c1)/C(=N\OCCC)/C)C(=O)NC([C@@H](O)C[NH2+]Cc1cc(OC)ccc1)Cc1cc(F)cc(F)c1,1.0
S1(=O)(=O)N(CCCC1)c1cc(cc(c1)/C(=N\O)/C)C(=O)N[C@H]([C@@H](O)C[NH2+]Cc1cc(OC)ccc1)Cc1cc(F)cc(F)c1,1.0
S1(=O)(=O)N(CCCC1)c1cc(cc(c1)C(=O)N[C@H]([C@@H](O)C[NH2+]Cc1cc(OC)ccc1)Cc1cc(F)cc(F)c1)C(O)C,1.0
S1(=O)(=O)N(CCCC1)c1cc(cc(c1)/C(=N\OC)/C)C(=O)NC([C@@H](O)C[NH2+]Cc1cc(OC)ccc1)Cc1cc(F)cc(F)c1,1.0
S1(=O)(=O)N(CCCC1)c1cc(ccc1)C(=O)NC(Cc1cc(F)cc(F)c1)C(O)C[NH2+]Cc1cc(OC)ccc1,1.0
S1(=O)(=O)N(CCCC1)c1cc(cc(c1)C(=O)N[C@H]([C@@H](O)C[NH2+]Cc1cc(OC)ccc1)Cc1cc(F)cc(F)c1)C(=O)C,1.0
S1(=O)(=O)N(CCCC1)c1cc(cc(c1)/C(=N\OCC=C)/C)C(=O)N[C@H]([C@@H](O)C[NH2+]Cc1cc(OC)ccc1)Cc1cc(F)cc(F)c1,0.0
S1(=O)(=O)N(CCCC1)c1cc(cc(c1)/C(=N\OCC(C)C)/C)C(=O)N[C@H]([C@@H](O)C[NH2+]Cc1cc(OC)ccc1)Cc1cc(F)cc(F)c1,0.0
Fc1ncccc1-c1cc(ccc1)C1(N=C(N)N(C)C1=O)c1cn(nc1)CC,1.0
Fc1ncccc1-c1cc(ccc1)C1(N=C(N)N(C)C1=O)c1cn(nc1)CCCC,1.0
Fc1ncccc1-c1cc(ccc1)C1(N=C(N)N(C)C1=O)c1cn(nc1)CCC(C)C,1.0
Fc1ncccc1-c1cc(ccc1)C1(N=C(N)N(C)C1=O)c1cn(nc1)CC(C)C,1.0
Fc1ncccc1-c1cc(ccc1)C1(N=C(N)N(C)C1=O)c1cn(nc1)CCC(C)(C)C,1.0
Fc1ncccc1-c1cc(ccc1)C1(N=C(N)N(C)C1=O)c1cn(nc1)CC(CC)CC,1.0
Fc1ccc(cc1-c1cccnc1F)C1(N=C(N)N(C)C1=O)c1cn(nc1)CC,1.0
Fc1ncccc1-c1cc(ccc1)C1(N=C(N)N(C)C1=O)c1cn(nc1)CC(F)(F)F,1.0
Fc1ccc(cc1-c1cccnc1F)C1(N=C(N)N(C)C1=O)c1cn(nc1)C(C)C,1.0
Fc1ncccc1-c1cc(ccc1)C1(N=C(N)N(C)C1=O)c1cn(nc1)CCF,1.0
Fc1ncccc1-c1cc(ccc1)[C@@]1(N=C(N)N(C)C1=O)c1cn(nc1)CC,0.0
Fc1cc(cc(F)c1)C[C@H](NC(=O)[C@@H](N1CC[C@](NC(=O)C)(CC(C)C)C1=O)CCc1ccccc1)[C@H](O)[C@@H]1[NH2+]C[C@H](OCCC)C1,1.0
Fc1cc(cc(F)c1)CC(NC(=O)C(N1CCC(NC(=O)C)(C(CC)C)C1=O)CCc1ccccc1)C(O)C1[NH2+]CC(O)C1,1.0
Fc1cc(cc(F)c1)CC(NC(=O)C(N1CCC(NC(=O)C)(C(CC)C)C1=O)CCc1ccccc1)C(O)C1[NH2+]CC(OCCC)C1,1.0
Fc1cc(cc(F)c1)CC(NC(=O)C(N1CCC(C(O)CCC)C1=O)CCc1ccccc1)C(O)C1[NH2+]CC(OCCC)C1,1.0
Fc1cc(cc(F)c1)CC(NC(=O)C(N1CCC(CC(C)C)C1=O)CCc1ccccc1)C(O)C1[NH2+]CC(OCCC)C1,1.0
Fc1cc(cc(F)c1)CC(NC(=O)C(N1CCC(C(O)CCC)C1=O)CCc1ccccc1)C(O)C1[NH2+]CC(O)C1,1.0
Fc1cc(cc(F)c1)CC(NC(=O)C(N1CCC(CCCC)C1=O)CCc1ccccc1)C(O)C1[NH2+]CC(OCCC)C1,1.0
Fc1cc(cc(F)c1)CC(NC(=O)C(N1CCC(C(C)C)C1=O)CCc1ccccc1)C(O)C1[NH2+]CC(OCCC)C1,1.0
Fc1cc(cc(F)c1)CC(NC(=O)C(N1CCC(COC)C1=O)CCc1ccccc1)C(O)C1[NH2+]CC(OCCC)C1,1.0
Fc1cc(cc(F)c1)CC(NC(=O)C(N1CCC(CCCC)C1=O)CCc1ccccc1)C(O)C1[NH2+]CC(O)C1,1.0
Fc1cc(cc(F)c1)CC(NC(=O)C(N1CCC(NC(=O)C)(C(CC)C)C1=O)CCc1ccccc1)C(O)C1[NH2+]CC([NH3+])C1,1.0
Clc1cc(cc(Cl)c1NC(=O)C)CNC(=[NH2+])NC(=O)Cn1c2cc(ccc2cc1)C#N,1.0
Clc1cc(cc(Cl)c1NC(=O)C)CNC(=[NH2+])NC(=O)Cn1c2c(cc(cc2)C#N)cc1,1.0
Brc1cc2n(ccc2cc1)CC(=O)NC(=[NH2+])NCc1cc(Cl)c(NC(=O)C)c(Cl)c1,1.0
Brc1cc2c(n(cc2)CC(=O)NC(=[NH2+])NCc2cc(Cl)c(NC(=O)C)c(Cl)c2)cc1,0.0
Clc1cc(cc(Cl)c1NC(=O)C)CNC(=[NH2+])NC(=O)Cn1c2cc(OC)ccc2cc1,0.0
Clc1cc(cc(Cl)c1NC(=O)C)CNC(=[NH2+])NC(=O)Cn1c2c(cc(OC)cc2)cc1,0.0
Clc1cc(cc(Cl)c1NC(=O)C)CNC(=[NH2+])NC(=O)Cn1c2cc(ccc2cc1)CN(S(=O)(=O)C)C,0.0
Clc1cc(cc(Cl)c1NC(=O)C)CNC(=[NH2+])NC(=O)Cn1c2c(cccc2)cc1,0.0
Clc1cc(cc(Cl)c1NC(=O)C(C)C)CNC(=[NH2+])NC(=O)Cn1c2c(cccc2)cc1,0.0
Clc1cc(cc(Cl)c1)CNC(=[NH2+])NC(=O)Cn1c2c(cccc2)cc1,0.0
S1(=O)(=O)N(c2cc(cc3n(cc(CC1)c23)CC)C(=O)NC([C@H](O)C[NH2+]CCC(F)(F)F)Cc1ccccc1)C,1.0
S1(=O)(=O)N(c2cc(cc3n(cc(CC1)c23)CC)C(=O)N[C@H]([C@H](O)C[NH2+]CCC)Cc1ccccc1)C,1.0
S1(=O)(=O)N(c2cc(cc3n(cc(CC1)c23)CC)C(=O)N[C@H]([C@H](O)C[NH2+]C(CC)C)Cc1ccccc1)C,1.0
S1(=O)(=O)N(c2cc(cc3n(cc(CC1)c23)CC)C(=O)NC([C@H](O)C[NH2+]CC#C)Cc1ccccc1)C,1.0
S1(=O)(=O)N(c2cc(cc3n(cc(CC1)c23)CC)C(=O)NC([C@H](O)C[NH2+]CC(F)F)Cc1ccccc1)C,1.0
S1(=O)(=O)N(c2cc(cc3n(cc(CC1)c23)CC)C(=O)N[C@H]([C@H](O)C[NH2+]CC)Cc1ccccc1)C,1.0
S1(=O)(=O)N(c2cc(cc3n(cc(CC1)c23)CC)C(=O)NC([C@H](O)C[NH2+]CC(F)(F)C(F)(F)F)Cc1ccccc1)C,1.0
S1(=O)(=O)N(c2cc(cc3n(cc(CC1)c23)CC)C(=O)NC([C@H](O)C[NH2+]CCF)Cc1ccccc1)C,1.0
S1(=O)(=O)N(c2cc(cc3n(cc(CC1)c23)CC)C(=O)NC([C@H](O)C[NH2+]CC(F)(F)F)Cc1ccccc1)C,1.0
O(C)c1ccc(cc1C)[C@@]1(N=C(N)N(C)C1=O)C12CC3CC(C1)CC(C2)C3,0.0
O=C1N(C)C(=N[C@@]1(C12CC3CC(C1)CC(C2)C3)c1ccccc1)N,0.0
O(C)c1ccc(cc1)C1(N=C(N)N(C)C1=O)C12CC3CC(C1)CC(C2)C3,1.0
O(C)c1cc(ccc1OC)C1(N=C(N)N(C)C1=O)C12CC3CC(C1)CC(C2)C3,0.0
O(C)c1ccc(cc1CC)C1(N=C(N)N(C)C1=O)C12CC3CC(C1)CC(C2)C3,0.0
O(CC)c1ccc(cc1)C1(N=C(N)N(C)C1=O)C12CC3CC(C1)CC(C2)C3,0.0
FC(F)(F)Oc1ccc(cc1)C1(N=C(N)N(C)C1=O)C12CC3CC(C1)CC(C2)C3,0.0
O(CCCC)c1ccc(cc1)C1(N=C(N)N(C)C1=O)C12CC3CC(C1)CC(C2)C3,0.0
O(C)c1ccc(cc1C)[C@]1(N=C(N)N(C)C1=O)C12CC3CC(C1)CC(C2)C3,0.0
O=C1N(C)C(=N[C@@]1(c1cc(ccc1)-c1cncnc1)c1cn(nc1)CC)N,1.0
O=C1N(C)C(=NC1(c1cc(ccc1)-c1cncnc1)c1cn(nc1)CCCC)N,1.0
O=C1N(C)C(=NC1(c1cc(ccc1)-c1cncnc1)c1cn(nc1)CCC(C)(C)C)N,1.0
O=C1N(C)C(=NC1(c1cc(ccc1)-c1cncnc1)c1cn(nc1)CC(C)C)N,1.0
O=C1N(C)C(=NC1(c1cc(ccc1)-c1cncnc1)c1cn(nc1)CCC(C)C)N,1.0
Fc1ccc(cc1-c1cncnc1)C1(N=C(N)N(C)C1=O)c1cn(nc1)CC,1.0
Fc1ccc(cc1-c1cncnc1)C1(N=C(N)N(C)C1=O)c1cn(nc1)C(C)C,1.0
O=C1N(C)C(=NC1(c1cc(ccc1)-c1cncnc1)c1cn(nc1)C)N,1.0
Fc1ccc(cc1-c1cncnc1)C1(N=C(N)N(C)C1=O)c1cn(nc1)CC(F)(F)F,0.0
Fc1ccc(F)cc1-c1cc(ccc1)[C@]1(N=C(N)N(C)C1=O)c1ccncc1,1.0
O(C)c1cc(ccc1)-c1cc(ccc1)C1(N=C(N)N(C)C1=O)c1ccncc1,1.0
O=C1N(C)C(=NC1(c1cc(ccc1)-c1cc(ccc1)C#N)c1ccncc1)N,1.0
Fc1c(cccc1F)-c1cc(ccc1)C1(N=C(N)N(C)C1=O)c1ccncc1,1.0
Fc1cc(ccc1)-c1cc(ccc1)C1(N=C(N)N(C)C1=O)c1ccncc1,1.0
Fc1cc(cc(F)c1)-c1cc(ccc1)C1(N=C(N)N(C)C1=O)c1ccncc1,1.0
O=C1N(C)C(=NC1(c1cc(ccc1)-c1ccccc1)c1ccncc1)N,0.0
FC(F)(F)c1cc(ccc1)-c1cc(ccc1)C1(N=C(N)N(C)C1=O)c1ccncc1,0.0
Fc1ccc(F)cc1-c1cc(ccc1)[C@@]1(N=C(N)N(C)C1=O)c1ccncc1,0.0
Fc1ccc(cc1-c1cncnc1)C1(N=C(N)c2c1cccc2F)c1cc(ncc1)C(F)F,1.0
Fc1ccc(cc1-c1cncnc1)C1(N=C(N)c2c1cc(F)cc2F)c1cc(ncc1)C(F)F,1.0
Fc1c2c(ccc1)C(N=C2N)(c1cc(ccc1)-c1cncnc1)c1ccncc1,0.0
FC(F)(F)c1nccc(c1)C1(N=C(N)c2c1cccc2)c1cc(ccc1)-c1cncnc1,0.0
Fc1c2c(ccc1)C(N=C2N)(c1cc(ccc1)-c1cncnc1)c1cc(ncc1)C(F)(F)F,0.0
Fc1c2c(ccc1)C(N=C2N)(c1cc(ccc1)-c1cncnc1)c1cc(OC)ncc1,0.0
n1ccc(cc1)C1(N=C(N)c2c1cccc2)c1cc(ccc1)-c1cncnc1,0.0
Fc1c2c(ccc1)C(N=C2N)(c1cc(nc(c1)C)C)c1cc(ccc1)-c1cncnc1,0.0
s1cc(cc1C(=O)CC)C1(N=C(N)N(C)C1=O)c1cc(ccc1)-c1cncnc1,1.0
s1cc(cc1)C1(N=C(N)N(C)C1=O)c1cc(ccc1)-c1cncnc1,1.0
s1cc(cc1CC)C1(N=C(N)N(C)C1=O)c1cc(ccc1)-c1cncnc1,1.0
Clc1scc(c1)C1(N=C(N)N(C)C1=O)c1cc(ccc1)-c1cncnc1,1.0
s1cc(cc1C)C1(N=C(N)N(C)C1=O)c1cc(ccc1)-c1cncnc1,0.0
s1c(C)c(cc1CC)C1(N=C(N)N(C)C1=O)c1cc(ccc1)-c1cncnc1,0.0
s1ccc(C2(N=C(N)N(C)C2=O)c2cc(ccc2)-c2cncnc2)c1C,0.0
Clc1sc(cc1C1(N=C(N)N(C)C1=O)c1cc(ccc1)-c1cncnc1)C,0.0
Fc1cc(NC[C@@H](O)[C@@H](NC(=O)C=2[C@H](C)C(C(=O)C)=C(N(CC(OC(C)C)=O)C=2C)C)Cc2ccccc2)ccc1,0.0
O(C)c1cc(NC[C@@H](O)[C@@H](NC(=O)C=2[C@H](CCC)C(C(=O)C)=C(N(CC(OC(C)C)=O)C=2C)C)Cc2ccccc2)ccc1,0.0
Fc1cc(NC[C@@H](O)[C@@H](NC(=O)C=2[C@H](CCC)C(C(=O)C)=C(N(CC(OC(C)C)=O)C=2C)C)Cc2ccccc2)ccc1,0.0
Fc1cc(NC[C@@H](O)[C@@H](NC(=O)C2=CN(CC(OC(C)C)=O)C(C)=C(C(=O)C)[C@H]2C)Cc2ccccc2)ccc1,0.0
O(C)c1cc(NC[C@@H](O)[C@@H](NC(=O)C2=CN(C=C(C(OC(C)(C)C)=O)[C@H]2CCC)CC(OC(C)C)=O)Cc2ccccc2)ccc1,0.0
